"guid","Show Name","Prefix","Number","Show Page Link","Show image","Keywords","Channels","People"
"13H001","13 Hours That Saved Britain","13H","1","http://www.history.co.uk/shows/thirteen-hours-that-saved-britain","<img src=""http://www.history.co.uk/shows/thirteen-hours-that-saved-britain/thumbnail/battle-of-britain.jpg"" />","13 hours that saved britain","H2
History","",
"911001","9/11 Remembered","911","1","http://www.history.co.uk/shows/nine-eleven-remembered","<img src=""http://www.history.co.uk/shows/nine-eleven-remembered/thumbnail/9-11crimescreen154.jpg"" />","New York
 America
 terror
 9/11
 George Bush
 New York City
 terrorist attack
 world trade center
 911","History","",
"ALI001","Alien Files: Unsealed","ALI","1","http://www.history.co.uk/shows/alien-files-unsealed","<img src=""http://www.history.co.uk/shows/alien-files-unsealed/thumbnail/Ailen-Files-154x86-(6).jpg"" />","Alien files
 unsealed
 alien
 aliens","H2
History","",
"AME001","American Legacy","AME","1","http://www.history.co.uk/shows/american-legacy","<img src=""http://www.history.co.uk/shows/american-legacy/thumbnail/America_154.jpg"" />","legacy
 american
 America
 usa history
 Americas
 dream
 usa","History","",
"AME002","America&#039;s Toughest Jobs","AME","2","http://www.history.co.uk/shows/americas-toughest-jobs/americas-toughest-jobs","<img src=""http://www.history.co.uk/shows/americas-toughest-jobs/americas-toughest-jobs/thumbnail/Alaska.jpg"" />","","History","",
"AME003","America: The Story of the US","AME","3","http://www.history.co.uk/shows/america-the-story-of-us","<img src=""http://www.history.co.uk/shows/america-the-story-of-us/thumbnail/America.jpg"" />","American History
 America
 History of the US
 story
 the story
 America
 Americas","H2
History","",
"AME004","American Pickers","AME","4","http://www.history.co.uk/shows/american-pickers","<img src=""http://www.history.co.uk/shows/american-pickers/thumbnail/Pickers_154.jpg"" />","American Pickers
 trash
 junk
 america
 picers
 pikers
 usa
 garbage
 garages","History","",
"AME005","American Restoration","AME","5","http://www.history.co.uk/shows/american-restoration","<img src=""http://www.history.co.uk/shows/american-restoration/thumbnail/About_AR.jpg"" />","American
 restoration
 pawn
 stars
 trash
 treasure","History","",
"ANC001","Ancient History Revealed","ANC","1","http://www.history.co.uk/shows/ancient-history-revealed","<img src=""http://www.history.co.uk/shows/ancient-history-revealed/thumbnail/sword154.jpg"" />","History
 gladiator
 Ancient
 sword
 philosophy
 classics","History","",
"ANC002","Ancient Discoveries","ANC","2","http://www.history.co.uk/shows/ancient-discoveries/season-3","<img src=""http://www.history.co.uk/shows/ancient-discoveries/season-3/thumbnail/AD-thumb.jpg"" />","Ancient 
 Discoveries
 Modern
 Technology
 Warfare
 Civilisations
 Science","History","",
"ANC003","Ancients Behaving Badly","ANC","3","http://www.history.co.uk/shows/ancients-behaving-badly","<img src=""http://www.history.co.uk/shows/ancients-behaving-badly/thumbnail/gkhan154-jpg.jpg"" />","Genghis Khan
 Nero
 Attila
 Caligula
 Ancient
 Hannibal
 Julius Caesar
 Cleopatra
 Alexander the Great","History","",
"ANC004","Ancient Aliens","ANC","4","http://www.history.co.uk/shows/ancient-aliens","<img src=""http://www.history.co.uk/shows/ancient-aliens/thumbnail/Ancientaliens154.jpg"" />","aliens
 egypt
 ancient
 desert
 archaic
 ufo","History","",
"ARM001","Armistice Day","ARM","1","http://www.history.co.uk/shows/armistice-day","<img src=""http://www.history.co.uk/shows/armistice-day/thumbnail/armsitice_154.jpg"" />","11/11/1918
 armistice day
 1918
 armistice
 November 11","History","",
"AUS001","Auschwitz: Journey Into Hell","AUS","1","http://www.history.co.uk/shows/auschwitz-journey-to-hell","<img src=""http://www.history.co.uk/shows/auschwitz-journey-to-hell/thumbnail/Auschwitz-154.jpg"" />","Auschwitz
 Jews
 Nazi German 
 Nazi","H2","",
"AXM001","Ax Men","AXM","1","http://www.history.co.uk/shows/ax-men/archive/season-4","<img src=""http://www.history.co.uk/shows/ax-men/archive/season-4/thumbnail/AXMEN_154.jpg"" />","ax men 4
 alaska
 ax men
 axe
 axe men","History","",
"BAD001","Baddiel &amp; The Missing Nazi Billions","BAD","1","http://www.history.co.uk/shows/baddiel-and-the-missing-nazi-millions","<img src=""http://www.history.co.uk/shows/baddiel-and-the-missing-nazi-millions/thumbnail/Baddiel-and-the-missing-Nazi-Billions-154.jpg"" />","David Baddiel
 baddiel
 Nazi
 holocaust
 art","H2","",
"BAM001","Bamazon","BAM","1","http://www.history.co.uk/shows/bamazon","","amazon
 gold
 jungle
 guyana
 bama
 bama boys
 alabama
 bamazon
 gold mining
 south america","History","",
"BAN001","Banger Boys","BAN","1","http://www.history.co.uk/shows/banger-boys","<img src=""http://www.history.co.uk/shows/banger-boys/thumbnail/Steve-(Cecil)-Anscombe-&-Mark-(The-Legend)-Longhirst.154.jpg"" />","Banger
 Banger Boys
 Boys
 CAR
 racing","History","",
"BAT001","Battle 360","BAT","1","http://www.history.co.uk/shows/battle-360/season-1","<img src=""http://www.history.co.uk/shows/battle-360/season-1/thumbnail/battle_360_example_hero_ima.jpg"" />","pearl harbour
 wwii
 uss enterprise
 war","History","",
"BAT002","Battles BC","BAT","2","http://www.history.co.uk/shows/battles-bc/season-1","<img src=""http://www.history.co.uk/shows/battles-bc/season-1/thumbnail/New-Image.jpg"" />","spartans
 battle","History","",
"BEA001","Beast Legends","BEA","1","http://www.history.co.uk/shows/beast-legends","<img src=""http://www.history.co.uk/shows/beast-legends/thumbnail/Beast-Legends-154.jpg"" />","h2
 Legends
 Beast","H2","",
"BEC001","Becoming Muhammad Ali","BEC","1","http://www.history.co.uk/shows/becoming-muhammad-ali","<img src=""http://www.history.co.uk/shows/becoming-muhammad-ali/thumbnail/ali.jpg"" />","joe frazier
 boxing
 muhammad ali
 sonny liston 
 heavy weight
 cassius clay
 rumble in the jungle
 george foreman","History","",
"BED001","Bedlam","BED","1","http://www.history.co.uk/shows/bedlam","<img src=""http://www.history.co.uk/shows/bedlam/thumbnail/Bedlam154.jpg"" />","Bedlam
 St Bethlem
 madness
 insanity","History","",
"BLU001","Bluebird: The Curse of Campbell","BLU","1","http://www.history.co.uk/shows/bluebird-the-curse-of-campbell","<img src=""http://www.history.co.uk/shows/bluebird-the-curse-of-campbell/thumbnail/Bluebird-154.jpg"" />","campbell
 record breaker
 Bluebird
 blue
 bird
 blue bird","History","",
"BOM001","Bomb Hunters","BOM","1","http://www.history.co.uk/shows/bomb-hunters","<img src=""http://www.history.co.uk/shows/bomb-hunters/thumbnail/Bomb-Hunters-154.jpg"" />","","H2","",
"BRA001","Brad Meltzer&#039;s Decoded","BRA","1","http://www.history.co.uk/shows/decoded","<img src=""http://www.history.co.uk/shows/decoded/thumbnail/Decoded-154-(general).jpg"" />","decoded
 brad
 meltzer
 brad meltzer's decoded","H2","",
"BRI001","British Heroes Month","BRI","1","http://www.history.co.uk/shows/british-heroes-month","","","History","",
"BRI002","Britain&#039;s Oil Hunters","BRI","2","http://www.history.co.uk/shows/britains-oil-hunters","","","History","",
"BRI003","Britain at War","BRI","3","http://www.history.co.uk/shows/britain-at-war","<img src=""http://www.history.co.uk/shows/britain-at-war/thumbnail/Britain-at-War-154.jpg"" />","Britain at war
 WWII","H2","",
"CAJ001","Cajun Pawn Stars","CAJ","1","http://www.history.co.uk/shows/cajun-pawn-stars","<img src=""http://www.history.co.uk/shows/cajun-pawn-stars/thumbnail/Cajun-Pawn-Stars154.jpg"" />","cajun
 pawn stars","History","",
"CAP001","Captain Cook","CAP","1","http://www.history.co.uk/shows/captain-cook","","captain james cook
 vanessa collingridge
 william bligh
 lives on the edge","History","",
"CAS001","Cash Cowboys","CAS","1","http://www.history.co.uk/shows/cash-cowboys","<img src=""http://www.history.co.uk/shows/cash-cowboys/thumbnail/cashcowboys154.jpg"" />","Cash cowboys
 Cash
 cowboys
 cash cowboyys
 Cash Cowboys
 cash in the attic","H2","",
"CAS002","Cash in the Attic USA","","","http://www.history.co.uk/shows/cash-in-the-attic-usal",""," Cash
 cash in the attic
 USA","H2","",
"CHA001","Chasing Mummies","CHA","1","http://www.history.co.uk/shows/chasing-mummies","<img src=""http://www.history.co.uk/shows/chasing-mummies/thumbnail/Chasing_Mummies_154.jpg"" />","pyramids
 archeologist
 mummies
 egypt","H2","",
"CHR001","Chronicle Of The Third Reich","CHR","1","http://www.history.co.uk/shows/chronicle-of-the-third-reich","<img src=""http://www.history.co.uk/shows/chronicle-of-the-third-reich/thumbnail/ChronicleThirdReich154.jpg"" />","Hitler
 third reich
 chronicles
 WW2
 Germany","H2","",
"CIT001","Cities of the Underworld","CIT","1","http://www.history.co.uk/shows/cities-of-the-underworld/season-3","<img src=""http://www.history.co.uk/shows/cities-of-the-underworld/season-3/thumbnail/COTU-thumb.jpg"" />","Cities of the Underworld
 Don Wildman
 Ancient History
 Cities
 Israel
 Modern History
 Underground
 baltimore","History","",
"CIV001","Civil War Weekend","CIV","1","http://www.history.co.uk/shows/civil-war-weekend","<img src=""http://www.history.co.uk/shows/civil-war-weekend/thumbnail/civilwarweekend_154.jpg"" />","abraham Lincon
 slavery
 lee
 Abraham Lincoln
 Robert E. Lee
 Ulysses S. Grant
 North
 CIVIL WAR
 grant
 South
 Americas
 America","History","",
"CLA001","Clash of Warriors","CLA","1","http://www.history.co.uk/shows/clash-of-warriors","","clash of warriors","History","",
"CLA002","Clash of the Gods","CLA","2","http://www.history.co.uk/shows/clash-of-the-gods","<img src=""http://www.history.co.uk/shows/clash-of-the-gods/thumbnail/medusa.jpg"" />","","History","",
"COM001","Combat Forces","COM","1","http://www.history.co.uk/shows/combat-forces","","combat
 forces","H2","",
"COU001","Counting Cars","COU","1","http://www.history.co.uk/shows/counting-cars","<img src=""http://www.history.co.uk/shows/counting-cars/thumbnail/Counting-Cars--Key-Art---thumb.jpg"" />","counting
 cars
 vehichle
 the count","History","",
"CUT001","Cutty Sark","CUT","1","http://www.history.co.uk/shows/cutty-sark","<img src=""http://www.history.co.uk/shows/cutty-sark/thumbnail/cutty-sark.jpg"" />","cutty sark","History","",
"DAR001","Darwin&#039;s Brave New World","DAR","1","http://www.history.co.uk/shows/darwins-brave-new-world","<img src=""http://www.history.co.uk/shows/darwins-brave-new-world/thumbnail/Darwin_SC1_066.jpg"" />","charles darwin
 thomas huxley
 darwins brave new world
 alfred russel wallace
 evolution","H2","",
"DDA001","D-Day: The Soldiers&#039; Story","DDA","1","http://www.history.co.uk/shows/d-day","<img src=""http://www.history.co.uk/shows/d-day/thumbnail/dday154.jpg"" />","","H2","",
"DEA001","Deadliest Warrior","DEA","1","http://www.history.co.uk/shows/deadliest-warrior","<img src=""http://www.history.co.uk/shows/deadliest-warrior/thumbnail/dw154.jpg"" />","","H2","",
"DEE001","Deep Wreck Mysteries","DEE","1","http://www.history.co.uk/shows/deep-wreck-mysteries/deep-wreck-mysteries","<img src=""http://www.history.co.uk/shows/deep-wreck-mysteries/deep-wreck-mysteries/thumbnail/deepwrcek.jpg"" />","curacoa
 audacious
 leopoldville
 titanic
 armenian
 white star line","History","",
"DMZ001","DMZ","DMZ","1","http://www.history.co.uk/shows/dmz","<img src=""http://www.history.co.uk/shows/dmz/thumbnail/DMZ-Promo.jpg"" />","dmz","History","",
"DUC001","Duck Dynasty","DUC","1","http://www.history.co.uk/shows/duck-dynasty","<img src=""http://www.history.co.uk/shows/duck-dynasty/thumbnail/thumb-DD.jpg"" />","bayou
 duck","History","",
"EAS001","Easter on History","EAS","1","http://www.history.co.uk/shows/easter-on-history","<img src=""http://www.history.co.uk/shows/easter-on-history/thumbnail/easter154.jpg"" />","Easter
 Jesus
 Christian","History","",
"EVA001","Evacuees Reunited","EVA","1","http://www.history.co.uk/shows/evacuees-reunited","<img src=""http://www.history.co.uk/shows/evacuees-reunited/thumbnail/evacuees154.jpg"" />","","H2","",
"EXP001","Expedition Africa","EXP","1","http://www.history.co.uk/shows/expedition-africa/season-1","<img src=""http://www.history.co.uk/shows/expedition-africa/season-1/thumbnail/Expedition-2-thumb.jpg"" />","colonial
 stanley
 livingstone
 zanzibar","History","",
"EXT001","Extreme Trains","EXT","1","http://www.history.co.uk/shows/extreme-trains/season-1","<img src=""http://www.history.co.uk/shows/extreme-trains/season-1/thumbnail/ET-7-thumb.jpg"" />","locomotive
 steam train
 matt brown
 railway
 trains
 extreme trains","History","",
"EYE001","Eyewitness: My Lai Massacre ","EYE","1","http://www.history.co.uk/shows/eyewitness-my-lai-massacre-","<img src=""http://www.history.co.uk/shows/eyewitness-my-lai-massacre-/thumbnail/mylai154.jpg"" />","My Lai
 Vietnam
 massacre","H2","",
"FAL001","Falklands Combat Medics","FAL","1","http://www.history.co.uk/shows/falklands","<img src=""http://www.history.co.uk/shows/falklands/thumbnail/falk154.jpg"" />","","H2","",
"FUL001","Full Metal Jousting","FUL","1","http://www.history.co.uk/shows/full-metal-jousting","<img src=""http://www.history.co.uk/shows/full-metal-jousting/thumbnail/Full-Metal-Jacket-jouters-154.jpg"" />","jousting
 horses
 Full Metal","History","",
"GET001","Gettysburg","GET","1","http://www.history.co.uk/shows/gettysburg","<img src=""http://www.history.co.uk/shows/gettysburg/thumbnail/gettysburg154.jpg"" />","","H2","",
"GHO001","Ghost Fleet of the Bikini Atoll","GHO","1","http://www.history.co.uk/shows/ghost-fleet-bikini-atoll","","ghost fleet of bikini atoll","H2","",
"GHO002","Ghosts of the Abyss","GHO","2","http://www.history.co.uk/shows/ghosts-of-the-abyss","<img src=""http://www.history.co.uk/shows/ghosts-of-the-abyss/thumbnail/ghosts-abyss.jpg"" />","james cameron
 titanic","History","",
"GOI001","Going Medieval","GOI","1","http://www.history.co.uk/shows/going-medieval","<img src=""http://www.history.co.uk/shows/going-medieval/thumbnail/Going-medieval-thumb.jpg"" />","mike loades
 arrows
 going medieval
 mike
 hunting
 knights
 knight
 loades
 medieval","H2","",
"GRA001","Grave Trade","GRA","1","http://www.history.co.uk/shows/grave-trade","<img src=""http://www.history.co.uk/shows/grave-trade/thumbnail/Grave-Trade154.jpg"" />","Grave Trade
 DEATH
 death
 burial
 dead
 FUNERAL
 funeral","History","",
"GRE002","Greatest Tank Battles ","GRE","2","http://www.history.co.uk/shows/greatest-tank-battles","<img src=""http://www.history.co.uk/shows/greatest-tank-battles/thumbnail/GreatestTankBattle154.jpg"" />","battles
 eygpt
 sinai
 Greatest tanks
 gratest tanks
  Blitzkrieg
 korea
 6 day war
 Tanks
 batttlefields
 battkes","H2","",
"H2001","H2","H2","1","http://www.history.co.uk/shows/h2","<img src=""http://www.history.co.uk/shows/h2/thumbnail/H2-logo-154.jpg"" />","H2","History","",
"HEI001","Heir Hunters","HEI","1","http://www.history.co.uk/shows/heir-hunters","<img src=""http://www.history.co.uk/shows/heir-hunters/thumbnail/Heir-Hunters154.jpg"" />","Heir Hunters
 fortune
 treasury
 family
 will
 money","History","",
"HEN002","Henry: Mind of a Tyrant","HEN","2","http://www.history.co.uk/shows/henry-mind-of-a-tyrant","<img src=""http://www.history.co.uk/shows/henry-mind-of-a-tyrant/thumbnail/henry154.jpg"" />","Henry
 King","H2","",
"HIR001","Hiroshima","HIR","1","http://www.history.co.uk/shows/hiroshima","<img src=""http://www.history.co.uk/shows/hiroshima/thumbnail/Hiroshima-1.jpg"" />","hiroshima
 nagasaki
 nuclear bomb
 world war ii
 kamikazi
 enola ","H2","",
"HIS001","History of Britain","HIS","1","http://www.history.co.uk/shows/history-of-britain","<img src=""http://www.history.co.uk/shows/history-of-britain/thumbnail/History-of-Britain-154.jpg"" />","","H2","",
"HOA001","Hoard Hunters","HOA","1","http://www.history.co.uk/shows/hoard-hunters","<img src=""http://www.history.co.uk/shows/hoard-hunters/thumbnail/HoardHunters154.jpg"" />","treasure
 Hoard 
 Hunters
 metal
 detectors
 Roman
 coins","History","",
"HOS001","Hostage Beirut","HOS","1","http://www.history.co.uk/shows/hostage-beirut","<img src=""http://www.history.co.uk/shows/hostage-beirut/thumbnail/HB-154.jpg"" />","Hostage
 Beirut
 kidnap
 islamist
 terrorist","History","",
"HOW001","How To Command A Nuclear Sub","HOW","1","http://www.history.co.uk/shows/how-to-command-a-nuclear-sub","<img src=""http://www.history.co.uk/shows/how-to-command-a-nuclear-sub/thumbnail/nucsuabout_154.jpg"" />","training
 Perisher
 nucleur
 Nuclear
 Commander
 Navy
 Army
 submarine
 sumarine","H2","",
"HOW002","How Beer Saved the World","HOW","2","http://www.history.co.uk/shows/how-beer-saved-the-world","<img src=""http://www.history.co.uk/shows/how-beer-saved-the-world/thumbnail/hbstw154.jpg"" />","beer
 eygpt
 pub dig","History","",
"HOW003","How the Earth Was Made","HOW","3","http://www.history.co.uk/shows/how-the-earth-was-made","","","H2","",
"ICE001","Ice Road Truckers","ICE","1","http://www.history.co.uk/shows/ice-road-truckers/","<img src=""http://www.history.co.uk/ice-road-truckers-old/archive/season-1/thumbnail/irt.jpg"" />"," alaska
 arctic 
 ax men
ice road truckers","History","",
"IRT001","IRT Deadliest Roads: Series 1","IRT","1","http://www.history.co.uk/shows/irt-deadliest-road/archive/season-1","<img src=""http://www.history.co.uk/shows/irt-deadliest-road/archive/season-1/thumbnail/irtdead154.jpg"" />","","History","",
"IRT002","IRT Deadliest Roads: The Andes","IRT","2","http://www.history.co.uk/shows/irt-deadliest-road","<img src=""http://www.history.co.uk/shows/irt-deadliest-road/thumbnail/irtfeatured154.jpg"" />"," danger
 ice
 lisa
 road
 truckers
 trucks
India","History","",
"KEN001","Kennedys on Film","KEN","1","http://www.history.co.uk/shows/curse-of-the-kennedys","<img src=""http://www.history.co.uk/shows/curse-of-the-kennedys/thumbnail/jfk154.jpg"" />","jfk
 assassination
 kennedy
 oswald
 23 Nov","History","",
"KIN001","King Arthur&#039;s Round Table Revealed","KIN","1","http://www.history.co.uk/shows/king-arthurs-round-table-revealed","<img src=""http://www.history.co.uk/shows/king-arthurs-round-table-revealed/thumbnail/Arthur-BAR.jpg"" />","king arthur","History","",
"LAN001","Lancaster Bomber","LAN","1","http://www.history.co.uk/shows/lancaster","<img src=""http://www.history.co.uk/shows/lancaster/thumbnail/Aircrew-and-Stirling-copy-2.jpg"" />","world war ii
 aircraft
 lancaster bomber","History","",
"LIF001","Life After People","LIF","1","http://www.history.co.uk/shows/life-after-people/series-1","<img src=""http://www.history.co.uk/shows/life-after-people/series-1/thumbnail/lifeafterpeople1.jpg"" />","life after people","History","",
"LIF002","Lifeboat Heroes","LIF","2","http://www.history.co.uk/shows/lifeboat-heroes","<img src=""http://www.history.co.uk/shows/lifeboat-heroes/thumbnail/Lifeboat-Heroes-Images154.lnk"" />","boat
 life
 Coast guard
 life boat
 volunteers
 lifeboat
 Ben Fogle
 Royal
 Sea
 National
 RNLI","History","",
"LOC001","Lock &#039;n&#039; Load ","LOC","1","http://www.history.co.uk/shows/lock-and-load","<img src=""http://www.history.co.uk/shows/lock-and-load/thumbnail/Armored_About_154.jpg"" />","Armored
 Blades
 Rockets
 Machine guns
 Ammo
 MG2
 Bunker
 Guns
 Rifle","History","",
"MAN001","MANKIND the story of all of us","","","http://www.history.co.uk/shows/mankind","","","History","Stephen Fry",
"MAR001","Marked","MAR","1","http://www.history.co.uk/shows/marked","<img src=""http://www.history.co.uk/shows/marked/thumbnail/marked.jpg"" />","marked","History","",
"MEG001","Mega Movers","MEG","1","http://www.history.co.uk/shows/mega-movers","<img src=""http://www.history.co.uk/shows/mega-movers/thumbnail/mega-movers-thumb.jpg"" />","Moving
 Trucks
 Technology
 Engineering","History","",
"MIR001","Miracle Rising: South Africa ","MIR","1","http://www.history.co.uk/shows/miracle-rising-south-africa","<img src=""http://www.history.co.uk/shows/miracle-rising-south-africa/thumbnail/Nelson-and-Winnie-Mandela-1990-154.jpg"" />","Mandela
 democracy
 Miracle
 elections
 Nelson","History","",
"MON001","Monster Moves","MON","1","http://www.history.co.uk/shows/monster-moves","<img src=""http://www.history.co.uk/shows/monster-moves/thumbnail/MonsterMoves-154.jpg"" />","","History","",
"MOU001","Mountbatten","MOU","1","http://www.history.co.uk/shows/mountbatten","<img src=""http://www.history.co.uk/shows/mountbatten/thumbnail/mountbatten-copy.jpg"" />","troubles
 mountbatten
 provisional ira
 royal family 
 prince charles
 northern ireland","History","",
"MOU002","Mountain Men","MOU","2","http://www.history.co.uk/shows/mountain-men","<img src=""http://www.history.co.uk/shows/mountain-men/thumbnail/Mountian-Men-thumb.jpg"" />","","History","",
"MUD001","Mud Men","MUD","1","http://www.history.co.uk/shows/mud-men-old","<img src=""http://www.history.co.uk/shows/mud-men-old/thumbnail/Mud-Men-154.jpg"" />","Johnny Vaughan
 treasure
 Mud Men
 River Thames
 hidden 
 Mud larking
 Mudmen
 London
 Vauhgn","History","",
"MYS001","MysteryQuest","MYS","1","http://www.history.co.uk/shows/mysteryquest","<img src=""http://www.history.co.uk/shows/mysteryquest/thumbnail/stonehenge-copy.jpg"" />","atlantis
 stonehenge
 bermuda triangle
 hitler
 jack the ripper
 alcatraz","History","",
"NAZ001","Nazi Hunters","NAZ","1","http://www.history.co.uk/shows/nazi-hunters","<img src=""http://www.history.co.uk/shows/nazi-hunters/thumbnail/Nazi-Hunters-2.jpg"" />","nazi hunters","History","",
"NOC001","No County For Old Men","NOC","1","http://www.history.co.uk/shows/no-county-for-old-men","<img src=""http://www.history.co.uk/shows/no-county-for-old-men/thumbnail/nocounty154.jpg"" />","County
 No County
 No County for Old Men
 John Thomson
 Simon Day
 counties","History","",
"NOS001","Nostradamus","NOS","1","http://www.history.co.uk/shows/nostradamus","<img src=""http://www.history.co.uk/shows/nostradamus/thumbnail/i-9905_1_letter.jpg"" />","nostradamus
 2012","History","",
"OFF001","Officers and Gentlemen ","OFF","1","http://www.history.co.uk/shows/officers-and-gentlemen","<img src=""http://www.history.co.uk/shows/officers-and-gentlemen/thumbnail/Officers-and-Gentleman-154.jpg"" />","gentlamen
 Officers and Gentleman
 gentlemen","History","",
"OIL001","Oil Riggers Season Two","OIL","1","http://www.history.co.uk/shows/oil-riggers/season-two","<img src=""http://www.history.co.uk/shows/oil-riggers/season-two/thumbnail/thumbnail.jpg"" />","","History","",
"OIL002","Oil Riggers Season One","OIL","2","http://www.history.co.uk/shows/oil-riggers/season-one","<img src=""http://www.history.co.uk/shows/oil-riggers/season-one/thumbnail/IMG_4011.jpg"" />","ax men
 deadliest catch
 americas toughest jobs
 texas
 black gold
 ice road truckers
 oil riggers","History","",
"OLY001","Olympic Massacre: Munich ‘72","OLY","1","http://www.history.co.uk/shows/olympic-massacre-munich-72","","Olympic Games
 Israel
 1972
 Black September","History","",
"ONL001","Only in America","ONL","1","http://www.history.co.uk/shows/only-in-america","<img src=""http://www.history.co.uk/shows/only-in-america/thumbnail/onlyinamerica154.jpg"" />","larry
 Only in America
 Larry the cable guy
 only in 
 only america
 USA
 History of America","History","",
"OUT001","Outbreak 1939","OUT","1","http://www.history.co.uk/shows/outbreak","","hitler
 marie jacques perrier
 paul yelli
 world war ii
 neville mooney
 pierre lefranc
 second world war
 madeleine mauggee
 churchill
 richard attenborough
 marianne low beer
 rolf joseph
 vero lynn","History","",
"PAT002","Patton 360","PAT","2","http://www.history.co.uk/shows/patton-360","<img src=""http://www.history.co.uk/shows/patton-360/thumbnail/patton154.jpg"" />","American
 World War II
 George Patton
 combat","History","",
"PAW001","Pawn Stars","PAW","1","http://www.history.co.uk/shows/pawn-stars","<img src=""http://www.history.co.uk/shows/pawn-stars/thumbnail/pawnstars_154.jpg"" />","stars
 shop
 pawn
 Las Vegas
 family
 business
 loans","History","",
"PAW002","Pawn Stars UK","","","http://www.history.co.uk/shows/pawn-stars-uk",""," pawn
Pawn Stars","History","",
"PEA001","Pearl Harbor: 24 Hours After","PEA","1","http://www.history.co.uk/shows/pearl-harbor","<img src=""http://www.history.co.uk/shows/pearl-harbor/thumbnail/pearlharbor_154.jpg"" />","","History","",
"PLA001","Playing the Enemy","PLA","1","http://www.history.co.uk/shows/playing-the-enemy","","","History","",
"PUB001","Pub Dig","PUB","1","http://www.history.co.uk/shows/pub-dig","<img src=""http://www.history.co.uk/shows/pub-dig/thumbnail/Puquiz154.jpg"" />","Rory McGrath
 Seeking
 Paul Blinkhorn
 Pub
 Digging
 pub dig
 dig
 British
 Salvage","History","",
"ROM001","Roman Empire Sunday","ROM","1","http://www.history.co.uk/shows/roman-empire-sunday","<img src=""http://www.history.co.uk/shows/roman-empire-sunday/thumbnail/Colloseum_154.jpg"" />","Stunt","History","",
"ROM002","Rome&#039;s Lost Legion","ROM","2","http://www.history.co.uk/shows/romes-lost-legions","<img src=""http://www.history.co.uk/shows/romes-lost-legions/thumbnail/RLL-154.jpg"" />","boudicca
 rome
 legion
 military","History","",
"SAS001","SAS: Are You Tough Enough?","SAS","1","http://www.history.co.uk/shows/sas--are-you-tough-enough-","<img src=""http://www.history.co.uk/shows/sas--are-you-tough-enough-/thumbnail/SAS154.jpg"" />","SAS
 CHRIS
 RYAN
 Chris Ryan","History","",
"SEC001","Secrets of War","SEC","1","http://www.history.co.uk/shows/secrets-of-war","<img src=""http://www.history.co.uk/shows/secrets-of-war/thumbnail/secretsofwar_154.jpg"" />","secrets
 of war
 secrets of war
 secerets of war","History","",
"SEC002","Secret Stories","SEC","2","http://www.history.co.uk/shows/secret-stories","<img src=""http://www.history.co.uk/shows/secret-stories/thumbnail/secret153.jpg"" />","","History","",
"SEE001","Seeking Salvage","SEE","1","http://www.history.co.uk/shows/seeking-salvage","<img src=""http://www.history.co.uk/shows/seeking-salvage/thumbnail/salvage_154.jpg"" />","salvage 
 seeking
 seeking salvage
 salvage seekers","History","",
"SER001","Serial Killer Earth","SER","1","http://www.history.co.uk/shows/serial-killer-earth","<img src=""http://www.history.co.uk/shows/serial-killer-earth/thumbnail/Serial-Killer-Earth-154.jpg"" />","killER
 Serial Killer Earth
 Earth
 Natural disaster","History","",
"SEV001","Seven Deadly Sins","SEV","1","http://www.history.co.uk/shows/seven-deadly-sins","<img src=""http://www.history.co.uk/shows/seven-deadly-sins/thumbnail/anger.jpg"" />","seven deadly sins","History","",
"SEV002","Seven Signs of the Apocalypse","SEV","2","http://www.history.co.uk/shows/seven-signs-apocalypse","<img src=""http://www.history.co.uk/shows/seven-signs-apocalypse/thumbnail/apocalypse.jpg"" />","antichrist
 evil
 seven signs of the apocalypse
 satan
 heaven","History","",
"SHA001","Shaun Ryder on UFOs","","","",""," aliens
 ufo","History","",
"SHI001","Shipping Wars","SHI","1","http://www.history.co.uk/shows/shipping-wars","<img src=""http://www.history.co.uk/shows/shipping-wars/thumbnail/Shipping-Wars-154jpg.jpg"" />","Shipping wars
 big boats
 ships
 shiping
 shipping","History","",
"SNI001","Sniper: Deadliest Missions","SNI","1","http://www.history.co.uk/shows/worlds-deadliest-snipers","<img src=""http://www.history.co.uk/shows/worlds-deadliest-snipers/thumbnail/thumb_154.jpg"" />","","History","",
"SOL001","Soldiers&#039; Stories","SOL","1","http://www.history.co.uk/shows/soldiers-stories","<img src=""http://www.history.co.uk/shows/soldiers-stories/thumbnail/soldiers154.jpg"" />","gerry adams
 soldiers stories
 sinn fein
 dublin
 october uprising
 northern ireland
 belfast","History","",
"SOV001","Soviet Storm: WW2 in the East","SOV","1","http://www.history.co.uk/shows/soviet-storm--world-war-ii-in-the-east","<img src=""http://www.history.co.uk/shows/soviet-storm--world-war-ii-in-the-east/thumbnail/SS154.jpg"" />","soviet
 wastern front
 Russia
 Germany
 ww2
 world war 2
 world war two
 barbarossa","History","",
"STO001","Storage Wars","STO","1","http://www.history.co.uk/shows/storage-wars","<img src=""http://www.history.co.uk/shows/storage-wars/thumbnail/storagewars_154.jpg"" />","storage
 wars
 war
 stroage","History","",
"STO002","Storage Wars Texas","STO","2","http://www.history.co.uk/shows/storage-wars-texas","<img src=""http://www.history.co.uk/shows/storage-wars-texas/thumbnail/SWT-thumbs.jpg"" />","Storage Wars
 Storage Wars Texas","History","",
"SUN001","Sunday Specials","SUN","1","http://www.history.co.uk/shows/sunday-specials","<img src=""http://www.history.co.uk/shows/sunday-specials/thumbnail/war-specials154.jpg"" />","Stunt","History","",
"SWA001","Swamp People","SWA","1","http://www.history.co.uk/shows/swamp-people","<img src=""http://www.history.co.uk/shows/swamp-people/thumbnail/Swamp-People-154.jpg"" />","Swamp People
 Swamp Popele
 Swamp
 people
 cajun
 swampers
 american","History","",
"TEN001","Ten Days To Victory","TEN","1","http://www.history.co.uk/shows/ten-days-to-victory","<img src=""http://www.history.co.uk/shows/ten-days-to-victory/thumbnail/tdtv154.jpg"" />","Pearl Harbour
 ww2
 suicide
 Hitler and Eva
 Berlin","History","",
"THE002","The Real M*A*S*H","THE","2","http://www.history.co.uk/shows/the-real-mash","<img src=""http://www.history.co.uk/shows/the-real-mash/thumbnail/MASH-Helicopte154.jpg"" />","","History","",
"THE003","The Third Reich: The Rise and Fall","THE","3","http://www.history.co.uk/shows/the-third-reich","<img src=""http://www.history.co.uk/shows/the-third-reich/thumbnail/thirdreich_154.jpg"" />","third reich","History","",
"THE004","The Pick, The Pawn &amp; The Polish ","THE","4","http://www.history.co.uk/shows/the-pick--the-pawn---the-polish","<img src=""http://www.history.co.uk/shows/the-pick--the-pawn---the-polish/thumbnail/PPP154.jpg"" />"," American Pickers
 American Restoration
Pawn Stars
Stunt","History","",
"THE005","The Real Face Of Jesus?","THE","5","http://www.history.co.uk/shows/the-real-face-of-jesus-","","","History","",
"THE006","The Search for Burke and Hare","THE","6","http://www.history.co.uk/shows/the-search-for-burke-and-hare","<img src=""http://www.history.co.uk/shows/the-search-for-burke-and-hare/thumbnail/BURKE154.jpg"" />","Scotland
 David Hayman
 killings
 investigates
 David Hayman
 murderers
 Hare
 Burke ","History","",
"THE007","The Real War Horse","THE","7","http://www.history.co.uk/shows/real-war-horse","","","History","",
"THE008","The Rise and Fall of the Berlin Wall","THE","8","http://www.history.co.uk/shows/rise-and-fall-berlin-wall","<img src=""http://www.history.co.uk/shows/rise-and-fall-berlin-wall/thumbnail/thumbnail.jpg"" />","berlin wall
 gdr
 communism
 red army","History","",
"THE009","The Beckoning Silence","THE","9","http://www.history.co.uk/shows/beckoning-silence","<img src=""http://www.history.co.uk/shows/beckoning-silence/thumbnail/TheBeckoningSilence--195.jpg"" />","joe simpson 
 beckoning silence
 touching the void
 rock climbing
 mountaineering
 andes","History","",
"THE010","The Universe","THE","10","http://www.history.co.uk/shows/the-universe","<img src=""http://www.history.co.uk/shows/the-universe/thumbnail/The-Universe-thumb.jpg"" />","moon
 space
 stars
 NASA
 Hubble
 Mars
 Jupiter
 universe","History","",
"THE011","The Sinking of the Royal Oak","THE","11","http://www.history.co.uk/shows/royal-oak","<img src=""http://www.history.co.uk/shows/royal-oak/thumbnail/Royal-Oak-in-Scapa-Flow-.jpg"" />","","History","",
"THE012","The True Story","THE","12","http://www.history.co.uk/shows/the-true-story","<img src=""http://www.history.co.uk/shows/the-true-story/thumbnail/Amityville_53314654.jpg"" />","al capone
 james bond
 ian fleming
 indiana jones","History","",
"THE013","The Kennedys","THE","13","http://www.history.co.uk/shows/the-kennedys","<img src=""http://www.history.co.uk/shows/the-kennedys/thumbnail/Kennedysthumb.jpg"" />","The kennedys repeated
 The kennedys full episode
 Repeat kennedys
 Katie Holmes
 Greg Kinnear
 JFK
 Tom Wilkinson
 Is the kennedys on 8th april
 Kennedy
 The Kennedys schedule
 The Kennedys
 Kennedies
 The kennedys full episode (wishful thinking)
 Barry Pepper
 Kennedys repeat","History","",
"THE014","The Men Who Built America","THE","14","http://www.history.co.uk/shows/the-men-who-built-america","<img src=""http://www.history.co.uk/shows/the-men-who-built-america/thumbnail/TMWBA154.jpg"" />","the men who built america
 america
 rockefeller
 vanderbilt
 carnegie
 ford
 morgan","History","",
"THI001","This week&#039;s taste of History","THI","1","http://www.history.co.uk/full-episode","","Stunt","History","",
"TIT001","Titanic 100: Mystery Solved","TIT","1","http://www.history.co.uk/shows/titanic-100-mystery-solved","<img src=""http://www.history.co.uk/shows/titanic-100-mystery-solved/thumbnail/titanic154.jpg"" />","","History","",
"TON001","Tony Robinson Down Under","TON","1","http://www.history.co.uk/shows/tony-robinson-down-under","<img src=""http://www.history.co.uk/shows/tony-robinson-down-under/thumbnail/tr_koula_154.jpg"" />","","History","",
"TOP001","Top Secret Week","TOP","1","http://www.history.co.uk/shows/top-secret-week","<img src=""http://www.history.co.uk/shows/top-secret-week/thumbnail/Untitled-2.jpg"" />","Stunt
top secret week","History","",
"TOP002","Top Trumps","TOP","2","http://www.history.co.uk/shows/top-trumps/season-1","<img src=""http://www.history.co.uk/shows/top-trumps/season-1/thumbnail/top-trumps-thumb.jpg"" />","Trumps
 Cards
 Machines
 Boats
 Planes
 Army
 Luxury","History","",
"TOP003","Top Shot","TOP","3","http://www.history.co.uk/shows/top-shot","<img src=""http://www.history.co.uk/shows/top-shot/thumbnail/Show-Art-154.jpg"" />","top
 shots
 top shots
 shooting","History","",
"TOR001","Tora, Tora, Tora","TOR","1","http://www.history.co.uk/shows/tora-tora-tora","<img src=""http://www.history.co.uk/shows/tora-tora-tora/thumbnail/tora154.jpg"" />","","History","",
"TRE001","Trevor McDonald&#039;s Queen and Country","TRE","1","http://www.history.co.uk/shows/trevor-mcdonalds-queen-and-country","<img src=""http://www.history.co.uk/shows/trevor-mcdonalds-queen-and-country/thumbnail/Trev5-154.jpg"" />","","History","",
"TRU001","True Horror","TRU","1","http://www.history.co.uk/shows/true-horror","<img src=""http://www.history.co.uk/shows/true-horror/thumbnail/dracula.jpg"" />","true horror
 frankinstein
 dracula
 werewolf","History","",
"TUN001","Tunnellers","TUN","1","http://www.history.co.uk/shows/tunnellers","<img src=""http://www.history.co.uk/shows/tunnellers/thumbnail/Tunnellers-thumb.jpg"" />","Jobs
 Tunnellers
 Modern
 Dangerous
 Underground
 Reality
 Cities","History","",
"UFO001","UFO Hunters","UFO","1","http://www.history.co.uk/shows/ufo-hunters","<img src=""http://www.history.co.uk/shows/ufo-hunters/thumbnail/ufo-files-thumb.jpg"" />","ALIENS
 ufo
 hunters
 alines
 aliens","History","",
"ULT001","Ultimate Weapons Month","ULT","1","http://www.history.co.uk/shows/ultimate-weapons-month","<img src=""http://www.history.co.uk/shows/ultimate-weapons-month/thumbnail/slideMainImage-154.jpg"" />","Stunt","History","",
"ULT002","Ultimate Soldier Challenge","ULT","2","http://www.history.co.uk/shows/ultimate-soldier-challenge","<img src=""http://www.history.co.uk/shows/ultimate-soldier-challenge/thumbnail/Ultimate-Soldier-Challenge-thumb.jpg"" />","CHALLENGE
 soldier challenge","History","",
"UND001","Underwater Universe","UND","1","http://www.history.co.uk/shows/underwater-universe","","","History","",
"UNE001","UNESCO","UNE","1","http://www.history.co.uk/shows/unesco","","","History","",
"VAM001","Vampire Island","VAM","1","http://www.history.co.uk/shows/vampire-island","<img src=""http://www.history.co.uk/shows/vampire-island/thumbnail/vampireisland154.jpg"" />","Vampire
 Island
 horror
 coffins","History","",
"VIE001","Vietnam: Lost Films","VIE","1","http://www.history.co.uk/shows/vietnam-lost-films","<img src=""http://www.history.co.uk/shows/vietnam-lost-films/thumbnail/vietnam154.jpg"" />","","History","",
"VIK001","Vikings","","","","","","History","",
"WAR002","War Specials","WAR","2","http://www.history.co.uk/shows/war-specials",""," specials
Stunt
ww1","History","",
"WER001","We Remember","WER","1","http://www.history.co.uk/shows/we-remember","","","History","",
"WHE001","Where Were You When...?","WHE","1","http://www.history.co.uk/shows/where-were-you-when","<img src=""http://www.history.co.uk/shows/where-were-you-when/thumbnail/lennone154.jpg"" />","John Lennon
 Elvis Presley
 Princess Diana
 JFK
 Hillsborough 
 9/11","History","",
"WOR001","World War II Lost Films","WOR","1","http://www.history.co.uk/shows/world-war-ii-lost-films","<img src=""http://www.history.co.uk/shows/world-war-ii-lost-films/thumbnail/small.JPG"" />","Lost Films
 WWII","History","",
"WOR002","Words of the Blitz","WOR","2","http://www.history.co.uk/shows/words-of-the-blitz","<img src=""http://www.history.co.uk/shows/words-of-the-blitz/thumbnail/blits_154.jpg"" />","Documentary
 London
 Blitz
 readings
 WWII
 Diary","History","",
"WOR003","World War II Weeknights","WOR","3","http://www.history.co.uk/shows/world-war-ii-weeknights","<img src=""http://www.history.co.uk/shows/world-war-ii-weeknights/thumbnail/ww2.jpg"" />","Stunt","History","",
"WWI001","WWII Secret Army","WWI","1","http://www.history.co.uk/shows/wwii-secret-army","","","History","",
